{
  "pose": [
    -0.6889083766516031,
    0.7866494574331098,
    1.57357653561673
  ],
  "mode": "to_box",
  "collected": 2,
  "max_cubes": 15,
  "delivered": {
    "red": 0,
    "green": 1,
    "blue": 0
  },
  "current_target": "blue",
  "lidar": {
    "front": 0.9391592741012573,
    "rear": 1.096077561378479,
    "left": 1.5736514329910278,
    "right": 2.309387445449829
  },
  "distance_sensors": {
    "front": 1.0,
    "front_left": 1.0,
    "front_right": 1.0
  },
  "gripper": {
    "left": 0.000522355106404112,
    "right": 0.004477225299784557,
    "closed": true,
    "has_cube": false
  },
  "recognition": null,
  "arm_state": "unknown",
  "timestamp": "2025-12-21T19:13:31.771149"
}