{
  "pose": [
    0.3949422328720465,
    -0.6349334774696528,
    -0.9999596414549697
  ],
  "mode": "return_to_spawn",
  "collected": 1,
  "max_cubes": 15,
  "delivered": {
    "red": 0,
    "green": 0,
    "blue": 1
  },
  "current_target": null,
  "lidar": {
    "front": 0.44981661438941956,
    "rear": 1.488135814666748,
    "left": 1.4722380638122559,
    "right": 1.586935043334961
  },
  "distance_sensors": {
    "front": 1.0,
    "front_left": 1.0,
    "front_right": 1.0
  },
  "gripper": {
    "left": 0.025001181171241792,
    "right": 0.025001182732918122,
    "closed": false,
    "has_cube": false
  },
  "recognition": null,
  "arm_state": "unknown",
  "timestamp": "2025-12-13T22:31:25.936026"
}